Wavelength (nm),Channel 1 power (dBm)
1550.0,-27.021822992556736
1551.0,-27.41314454374743
1552.0,-26.40713298516253
1553.0,-26.764834465372665
1554.0,-26.914358596068748
1555.0,-26.524171544635635
